movieTitle,movieYear,movieRank,critic_score,audience_score,score_animelist,scored_by,rating,genre1,genre2,genre3,genre4,theme1,theme2,theme3,theme4,demographics,STUDIO,CGI,MC_AGE,FEMALE_LEAD,SETTING,MC_HAIRCOLOR,MC_EYECOLOR,EYE_FACE_RATIO,NOSE_FACE_RATIO,DETAIL,NOTES:
THE TALE OF THE PRINCESS KAGUYA,2013,1,100%,90%,8.21,114281,r+,Award Winning,Fantasy,NA,NA,Historical,NA,NA,NA,[],GHIBLI,NO,NA,YES,ANCIENT JAPAN,BLACK,BLACK,1,2,1,NA
ONLY YESTERDAY,1991,2,100%,83%,7.44,71941,g,Drama,Romance,NA,NA,,NA,NA,NA,['Josei'],GHIBLI,NO,27,YES,1980 JAPAN,BLACK,BLACK,2,2,1,NA
GRAVE OF THE FIREFLIES,1988,3,100%,95%,8.51,384021,pg_13,Drama,NA,NA,NA,Historical,NA,NA,NA,[],GHIBLI,NO,14,NO,1940 JAPAN,BLACK,BLACK,2,2,1,NA
THE FIRST SLAM DUNK,2022,4,100%,98%,NA,NA,NA,NA,NA,NA,NA,NA,NA,NA,NA,NA,TOEI ANIMATION,HYBRID,17,NO,1990 JAPAN,BROWN,BLACK,1,3,3,NA
YOUR NAME,2016,5,98%,94%,8.84,1825476,pg_13,Award Winning,Drama,Supernatural,NA,Romantic Subtext,NA,NA,NA,[],COMIX WAVE FILM,HYBRID,17,YES,MODERN JAPAN,BLACK,BROWN,2,2,3,NA
JUJUTSU KAISEN 0: THE MOVIE,2021,6,98%,98%,NA,NA,NA,NA,NA,NA,NA,NA,NA,NA,NA,NA,MAPPA,HYBRID,15,NO,MODERN JAPAN,PINK,BROWN,2,2,3,NA
DEMON SLAYER -KIMETSU NO YAIBA- THE MOVIE: MUGEN TRAIN,2020,7,98%,99%,NA,NA,NA,NA,NA,NA,NA,NA,NA,NA,NA,NA,UFOTABLE,HYBRID,15,NO,1920 JAPAN,RED,RED,1,1,3,NA
KIKI'S DELIVERY SERVICE,1989,8,98%,88%,8.22,360797,g,Adventure,Award Winning,Comedy,Drama,,NA,NA,NA,[],GHIBLI,NO,13,YES,EUROPE,BROWN,BLACK,2,1,1,NA
IN THIS CORNER OF THE WORLD,2016,9,97%,87%,8.22,74736,pg_13,Award Winning,Drama,NA,NA,Historical,NA,NA,NA,['Seinen'],MAPPA,HYBRID,18,YES,1940 JAPAN,BLACK,BLACK,2,1,1,SEEMS VERY GHIBLI ISH TO ME
SPIRITED AWAY,2001,10,96%,96%,8.78,1246643,pg,Adventure,Award Winning,Supernatural,NA,Mythology,NA,NA,NA,[],GHIBLI,HYBRID,10,YES,FANTASY,BROWN,BROWN,1,1,1,NA
SUZUME,2022,11,96%,98%,8.39,104698,pg_13,Adventure,Fantasy,NA,NA,Mythology,NA,NA,NA,[],COMIX WAVE FILM,HYBRID,17,YES,MODERN JAPAN,BROWN,BROWN,2,2,3,NA
THE BOY AND THE HERON,2023,12,97%,88%,7.22,258,NA,Drama,NA,NA,NA,,NA,NA,NA,[],GHIBLI,HYBRID,11,NO,1940 JAPAN,BROWN,BROWN,2,2,1,NA
BELLE,2021,13,95%,95%,7.51,72260,pg_13,Drama,Fantasy,NA,NA,Music,NA,NA,NA,[],CHIZU,HYBRID,17,YES,MODERN JAPAN,BROWN,BROWN,2,2,2,NA
GHOST IN THE SHELL,1995,14,95%,89%,8.27,318376,r+,Action,Award Winning,Mystery,Sci-Fi,Adult Cast,Detective,Mecha,Psychological,['Seinen'],PRODUCTION I.G.,NO,31,YES,FUTURE,PURPLE,RED,1,2,1,NA
THE SECRET WORLD OF ARRIETTY,2010,15,94%,85%,7.89,209848,g,Award Winning,Fantasy,NA,NA,,NA,NA,NA,[],GHIBLI,HYBRID,14,YES,MODERN JAPAN,RED,BROWN,2,2,1,NA
THE RED TURTLE,2016,16,92%,81%,NA,NA,NA,NA,NA,NA,NA,NA,NA,NA,NA,NA,GHIBLI,HYBRID,NA,NO,NA,BROWN,BLACK,1,1,1,NA
PRINCESS MONONOKE,1997,17,93%,94%,8.67,776491,pg_13,Action,Adventure,Award Winning,Fantasy,,NA,NA,NA,[],GHIBLI,HYBRID,17,YES,ANCIENT JAPAN,BROWN,BLUE,2,2,1,NA
MILLENNIUM ACTRESS,2001,18,93%,90%,8.25,80426,pg_13,Action,Adventure,Award Winning,Drama,Historical,Showbiz,NA,NA,[],MADHOUSE,NO,NA,YES,JAPAN,BLACK,BROWN,2,2,1,SEEMS VERY GHIBLI ISH TO ME
MISS HOKUSAI,2015,19,93%,70%,NA,NA,NA,NA,NA,NA,NA,NA,NA,NA,NA,NA,PRODUCTION I.G.,HYBRID,23,YES,EDO JAPAN,BLACK,BROWN,2,2,1,SEEMS VERY GHIBLI ISH TO ME
MY NEIGHBOR TOTORO,1988,20,93%,94%,8.25,664865,g,Adventure,Award Winning,Supernatural,NA,,NA,NA,NA,[],GHIBLI,NO,10,YES,1950 JAPAN,BROWN,BROWN,2,2,1,NA
WHEN MARNIE WAS THERE,2014,21,92%,88%,8.05,156135,g,Drama,Mystery,NA,NA,Psychological,NA,NA,NA,[],GHIBLI,HYBRID,12,YES,MODERN JAPAN,BROWN,BLUE,2,2,1,NA
WEATHERING WITH YOU,2019,22,92%,96%,8.29,567951,pg_13,Award Winning,Drama,Fantasy,Romance,,NA,NA,NA,[],COMIX WAVE FILM,HYBRID,16,NO,MODERN JAPAN,BLACK,BROWN,2,2,3,NA
TOKYO GODFATHERS,2003,23,92%,91%,8.27,139759,pg_13,Award Winning,Comedy,Drama,NA,Childcare,NA,NA,NA,[],MADHOUSE,HYBRID,NA,NA,MODERN JAPAN,NA,NA,1,3,2,NA
PONYO,2008,24,91%,83%,7.92,365440,g,Adventure,Award Winning,Fantasy,NA,,NA,NA,NA,[],GHIBLI,NO,5,YES,MODERN JAPAN,RED,BROWN,2,2,1,NA
INU-OH,2021,25,91%,88%,7.8,6014,r,Award Winning,Fantasy,NA,NA,Historical,Music,Performing Arts,NA,[],SCIENCE SARU,YES,NA,NO,ANCIENT JAPAN,NA,NA,1,2,2,NA
AKIRA,1988,26,91%,90%,8.16,491351,r+,Action,Adventure,Horror,Sci-Fi,Gore,Military,NA,NA,['Seinen'],TMS ENTERTAINMENT,YES,9,NO,FUTURE,BLACK,BLACK,2,2,1,NA
MY HERO ACADEMIA: HEROES RISING,2019,27,90%,98%,7.97,319167,pg_13,Action,NA,NA,NA,Super Power,NA,NA,NA,['Shounen'],BONES,HYBRID,16,NO,MODERN JAPAN,GREEN,GREEN,3,1,2,NA
MARY AND THE WITCH'S FLOWER,2017,28,89%,71%,7.26,50473,g,Adventure,Fantasy,NA,NA,,NA,NA,NA,[],PONOC,HYBRID,11,YES,FANTASY,RED,BLUE,2,1,1,SEEMS VERY GHIBLI ISH TO ME
THE WIND RISES,2013,29,88%,85%,8.11,181072,pg_13,Award Winning,Drama,Romance,NA,Historical,NA,NA,NA,[],GHIBLI,HYBRID,NA,NO,1920 JAPAN,BLACK,BROWN,2,2,1,NA
THE BOY AND THE BEAST,2015,30,88%,88%,8.25,219308,pg_13,Adventure,Fantasy,NA,NA,Anthropomorphic,Isekai,NA,NA,[],CHIZU,HYBRID,NA,NO,FANTASY,BROWN,BROWN,1,1,1,NA
HOWL'S MOVING CASTLE,2004,31,87%,93%,8.66,877342,g,Adventure,Award Winning,Drama,Fantasy,,NA,NA,NA,[],GHIBLI,HYBRID,18,YES,FANTASY,BROWN,BROWN,2,2,1,NA
FROM UP ON POPPY HILL,2011,32,88%,80%,7.79,113417,g,Award Winning,Romance,NA,NA,Historical,School,NA,NA,['Shoujo'],GHIBLI,HYBRID,16,YES,1960 JAPAN,BROWN,BROWN,2,2,1,NA
METROPOLIS,2001,33,87%,81%,NA,NA,NA,NA,NA,NA,NA,NA,NA,NA,NA,NA,MADHOUSE,HYBRID,NA,YES,FUTURE,BLONDE,BLUE,3,1,1,NA
PAPRIKA,2006,34,86%,87%,8.04,258398,r+,Avant Garde,Award Winning,Fantasy,Horror,Adult Cast,Psychological,NA,NA,[],MADHOUSE,HYBRID,30,YES,JAPAN,RED,BROWN,2,2,2,NA
DRAGON BALL SUPER: BROLY,2018,35,83%,92%,8.16,263391,pg_13,Action,Adventure,Fantasy,NA,Martial Arts,Super Power,NA,NA,['Shounen'],TOEI ANIMATION,HYBRID,NA,NO,SPACE,BLACK,BLACK,3,1,1,NA
PERFECT BLUE,1997,36,83%,89%,8.54,354940,r+,Avant Garde,Drama,Horror,NA,Adult Cast,Psychological,Showbiz,NA,[],MADHOUSE,HYBRID,21,YES,1990 JAPAN,BROWN,BROWN,2,2,2,NA
LU OVER THE WALL,2017,37,78%,66%,7.39,18792,g,Adventure,Award Winning,Supernatural,NA,Music,NA,NA,NA,[],SCIENCE SARU,HYBRID,10,YES,MODERN JAPAN,GREEN,YELLOW,2,1,1,SEEMS VERY GHIBLISH TO ME
MAQUIA: WHEN THE PROMISED FLOWER BLOOMS,2018,38,100%,87%,8.4,179744,pg_13,Drama,Fantasy,NA,NA,,NA,NA,NA,[],P.A. WORKS,HYBRID,100,YES,FANTASY,BLONDE,BLUE,2,1,1,NA
EVANGELION:3.0+1.01 THRICE UPON A TIME,2021,39,100%,92%,NA,NA,NA,NA,NA,NA,NA,NA,NA,NA,NA,NA,KHARAI,HYBRID,14,NO,FUTURE,BROWN,BLUE,2,1,1,NA
PENGUIN HIGHWAY,2018,40,100%,77%,NA,NA,NA,NA,NA,NA,NA,NA,NA,NA,NA,NA,COLORIDO,HYBRID,10,NO,MODERN JAPAN,BLACK,BROWN,2,1,2,SEEMS VERY GHIBLISH TO ME
"GOODBYE, DON GLEES!",2021,41,100%,88%,7.41,4027,pg_13,Adventure,Drama,NA,NA,,NA,NA,NA,[],MADHOUSE,HYBRID,15,NO,MODERN JAPAN,BROWN,BROWN,2,2,2,NA
"JOSEE, THE TIGER AND THE FISH",2020,42,100%,96%,8.41,198246,pg_13,Drama,Romance,NA,NA,Visual Arts,NA,NA,NA,[],BONES,HYBRID,24,YES,1980 JAPAN,BLONDE,BLUE,2,1,2,NA
ON-GAKU: OUR SOUND,2019,43,100%,82%,7.57,4009,pg_13,Award Winning,Slice of Life,NA,NA,Music,NA,NA,NA,[],ROCK N' ROLL MOUNTAIN,NO,17,NO,MODERN JAPAN,BLACK,BLACK,1,2,1,NA
MIND GAME,2004,44,100%,93%,NA,NA,NA,NA,NA,NA,NA,NA,NA,NA,NA,NA,4C,HYBRID,20,NO,1980 JAPAN,BROWN,BROWN,1,1,1,NA
PRETTY GUARDIAN SAILOR MOON ETERNAL THE MOVIE,2021,45,100%,91%,NA,NA,NA,NA,NA,NA,NA,NA,NA,NA,NA,NA,TOEI ANIMATION,HYBRID,16,YES,1990 JAPAN,BLONDE,BLUE,3,1,1,NA
VIOLET EVERGARDEN: THE MOVIE,2020,46,100%,99%,8.89,246000,pg_13,Award Winning,Drama,Fantasy,NA,,NA,NA,NA,[],KYOTO ANIMATION,HYBRID,20,YES,FANTASY,BLONDE,BLUE,2,2,3,NA
WINGS OF HONNEAMISE,1987,47,100%,80%,NA,NA,NA,NA,NA,NA,NA,NA,NA,NA,NA,NA,GAINAX,HYBRID,22,NO,NA,BROWN,BROWN,2,2,2,NA
SING A BIT OF HARMONY,2021,48,100%,97%,7.74,19601,pg_13,Drama,Sci-Fi,NA,NA,Music,School,NA,NA,[],SUNRISE,HYBRID,14,YES,MODERN JAPAN,BROWN,BLUE,2,2,2,NA
MY HERO ACADEMIA: TWO HEROES,2018,49,100%,87%,7.55,444828,pg_13,Action,NA,NA,NA,Super Power,NA,NA,NA,['Shounen'],BONES,HYBRID,16,NO,MODERN JAPAN,GREEN,GREEN,3,1,2,NA
WORDS BUBBLE UP LIKE SODA POP,2020,50,100%,86%,7.4,121841,pg_13,Romance,NA,NA,NA,Music,NA,NA,NA,[],SIGNAL.MD,HYBRID,17,NO,MODERN JAPAN,BROWN,BROWN,3,1,1,NA
THE WONDERLAND,2019,51,100%,NA,6.53,5884,pg_13,Adventure,Fantasy,NA,NA,,NA,NA,NA,[],SIGNAL.MD,HYBRID,13,YES,FANTASY,BROWN,BROWN,2,2,1,NA
SUMMER GHOST,2021,52,100%,91%,NA,NA,NA,NA,NA,NA,NA,NA,NA,NA,NA,NA,FLAT STUDIO,HYBRID,17,NO,MODERN JAPAN,BLACK,BROWN,2,1,2,NA
MOBILE SUIT GUNDAM: CUCURUZ DOAN'S ISLAND,2022,53,100%,100%,7.36,3603,pg_13,Action,NA,NA,NA,Mecha,NA,NA,NA,[],SUNRISE,HYBRID,15,NO,SPACE,BROWN,BROWN,1,2,2,NA
BLUE GIANT,2023,54,100%,97%,NA,NA,NA,NA,NA,NA,NA,NA,NA,NA,NA,NA,NUT,HYBRID,18,NO,MODERN TOKYO,BLACK,BROWN,2,2,1,NA
SWORD ART ONLINE THE MOVIE: ORDINAL SCALE,2017,55,100%,80%,7.56,438240,r+,Action,Adventure,Fantasy,NA,Video Game,NA,NA,NA,[],A-1 PICTURES,HYBRID,17,NO,MODERN JAPAN,BLACK,GRAY,2,1,2,NA
RESIDENT EVIL: DAMNATION,2012,56,100%,70%,NA,NA,NA,NA,NA,NA,NA,NA,NA,NA,NA,NA,DIGITAL FRONTIER,YES,36,NO,EUROPE,BROWN,BLUE,1,3,3,NA
PROMARE,2019,57,97%,93%,7.93,131649,pg_13,Action,Sci-Fi,NA,NA,Mecha,Super Power,NA,NA,[],TRIGGER,HYBRID,21,NO,FANTASY,BLUE,BLUE,3,1,1,NA
CASTLE IN THE SKY,1986,58,96%,91%,8.26,292231,pg,Adventure,Award Winning,Fantasy,Romance,,NA,NA,NA,[],GHIBLI,NO,13,NO,FANTASY,BROWN,BROWN,2,1,1,NA
PORCO ROSSO,1992,59,96%,87%,7.95,149715,g,Action,Adventure,Award Winning,Comedy,Historical,Military,NA,NA,[],GHIBLI,NO,37,NO,MEDITERANEAN,BROWN,BROWN,2,2,1,NA
LUPIN III: THE FIRST,2019,60,95%,85%,NA,NA,NA,NA,NA,NA,NA,NA,NA,NA,NA,NA,TMS ENTERTAINMENT,YES,25,NO,EUROPE,BLACK,BROWN,2,3,3,NA
THE CASTLE OF CAGLIOSTRO,1979,61,95%,88%,NA,NA,NA,NA,NA,NA,NA,NA,NA,NA,NA,NA,TMS ENTERTAINMENT,NO,26,NO,FANTASY,BLACK,BROWN,2,2,1,SEEMS VERY GHIBLISH TO ME
WOLF CHILDREN,2012,62,95%,92%,8.58,446871,pg_13,Award Winning,Fantasy,Slice of Life,NA,Childcare,NA,NA,NA,[],CHIZU,HYBRID,25,YES,MODERN JAPAN,BROWN,BROWN,2,1,1,NA
ONE PIECE FILM RED,2022,63,95%,95%,NA,NA,NA,NA,NA,NA,NA,NA,NA,NA,NA,NA,TOEI ANIMATION,HYBRID,19,NO,FANTASY,BLACK,BLACK,2,1,1,NA
WHISPER OF THE HEART,1995,64,95%,90%,8.22,193719,g,Drama,Romance,NA,NA,,NA,NA,NA,['Shoujo'],GHIBLI,NO,14,YES,MODERN JAPAN,BROWN,BROWN,2,2,1,NA
A SILENT VOICE,2016,65,94%,93%,8.94,1540277,pg_13,Award Winning,Drama,NA,NA,Romantic Subtext,NA,NA,NA,['Shounen'],KYOTO ANIMATION,HYBRID,17,NO,MODERN JAPAN,BLACK,BROWN,2,1,3,NA
SPY X FAMILY CODE: WHITE,2023,66,94%,98%,NA,0,pg_13,Action,Comedy,NA,NA,Childcare,NA,NA,NA,['Shounen'],WIT STUDIO,HYBRID,30,NO,EUROPE,BLONDE,BLUE,2,1,2,NA
ONE PIECE: STAMPEDE,2019,67,94%,99%,8.22,108550,pg_13,Action,Adventure,Fantasy,NA,,NA,NA,NA,['Shounen'],TOEI ANIMATION,HYBRID,19,NO,FANTASY,BLACK,BLACK,2,1,1,NA
DRAGON BALL SUPER: SUPER HERO,2022,68,93%,95%,7.56,48218,pg_13,Action,Adventure,Fantasy,NA,Martial Arts,Super Power,NA,NA,['Shounen'],TOEI ANIMATION,HYBRID,18,NO,SPACE,BLACK,BLACK,3,1,1,NA
RIDE YOUR WAVE,2019,69,93%,83%,7.61,84939,pg_13,Drama,Romance,Supernatural,NA,,NA,NA,NA,[],SCIENCE SARU,HYBRID,19,YES,MODERN JAPAN,BROWN,BROWN,2,1,2,NA
A WHISKER AWAY,2020,70,93%,75%,7.34,248732,pg_13,Award Winning,Comedy,Drama,Romance,School,NA,NA,NA,[],COLORIDO,HYBRID,14,YES,MODERN JAPAN,BROWN,BROWN,2,1,2,NA
POMPO THE CINEPHILE,2021,71,92%,97%,NA,NA,NA,NA,NA,NA,NA,NA,NA,NA,NA,NA,CLAP,HYBRID,25,YES,MODERN JAPAN,RED,BROWN,3,1,2,NA
FORTUNE FAVORS LADY NIKUKO,2021,72,92%,77%,7.2,2539,pg_13,Award Winning,Drama,NA,NA,,NA,NA,NA,[],4C,HYBRID,40,YES,MODERN JAPAN,BLACK,BROWN,2,1,2,NA
THE END OF EVANGELION,1997,73,92%,86%,NA,NA,NA,NA,NA,NA,NA,NA,NA,NA,NA,NA,GAINAX,HYBRID,14,NO,SCIFI,BROWN,BLUE,2,1,1,NA
"THE NIGHT IS SHORT, WALK ON GIRL",2017,74,90%,87%,8.19,48859,r+,Comedy,Romance,NA,NA,,NA,NA,NA,[],SCIENCE SARU,HYBRID,19,YES,MODERN JAPAN,BROWN,BROWN,1,1,1,NA
NAUSICAÄ OF THE VALLEY OF THE WIND,1984,75,90%,91%,8.36,225975,pg_13,Adventure,Award Winning,Fantasy,NA,,NA,NA,NA,[],GHIBLI,NO,16,YES,FANTASY,BROWN,BLUE,2,1,1,NA
OCEAN WAVES,1993,76,89%,64%,NA,NA,NA,NA,NA,NA,NA,NA,NA,NA,NA,NA,GHIBLI,NO,17,NO,MODERN JAPAN,BLACK,BROWN,1,1,1,NA
THE ANIMATRIX,2003,77,89%,78%,7.3,43693,r,Action,Drama,Sci-Fi,NA,,NA,NA,NA,[],NA,HYBRID,NA,NA,SCIFI,NA,NA,NA,NA,NA,NA
NINJA SCROLL,1993,78,89%,89%,7.61,67410,r+,Adventure,Fantasy,Horror,Romance,Historical,Samurai,NA,NA,[],MADHOUSE,HYBRID,25,NO,FEUDAL JAPAN,BLACK,BROWN,1,2,2,NA
THE CAT RETURNS,2002,79,88%,82%,7.72,164304,g,Adventure,Award Winning,Drama,Fantasy,Anthropomorphic,NA,NA,NA,[],GHIBLI,NO,17,YES,FANTASY,BROWN,BROWN,2,1,1,NA
DRAGON BALL Z: BATTLE OF GODS,2013,80,88%,80%,7.4,147160,pg_13,Action,Adventure,Fantasy,NA,Martial Arts,Super Power,NA,NA,['Shounen'],TOEI ANIMATION,HYBRID,39,NO,SPACE,BLACK,BLACK,3,1,1,NA
DAFT PUNK & LEIJI MATSUMOTO'S INTERSTELLA 5555: THE 5TORY OF THE 5ECRET 5TAR 5YSTEM,2003,81,88%,95%,NA,NA,NA,NA,NA,NA,NA,NA,NA,NA,NA,NA,TOEI ANIMATION,HYBRID,NA,NA,SCIFI,NA,NA,2,2,2,NA
MY HERO ACADEMIA: WORLD HEROES' MISSION,2021,82,87%,95%,7.58,95673,pg_13,Action,NA,NA,NA,Super Power,NA,NA,NA,['Shounen'],BONES,HYBRID,16,NO,GLOBAL,GREEN,GREEN,3,1,2,NA
POM POKO,1994,83,86%,77%,7.3,59770,g,Award Winning,NA,NA,NA,Anthropomorphic,NA,NA,NA,['Kids'],GHIBLI,NO,NA,NO,1990 JAPAN,BROWN,BLACK,2,1,1,NA
MOBILE SUIT GUNDAM: HATHAWAY,2020,84,86%,77%,NA,NA,NA,NA,NA,NA,NA,NA,NA,NA,NA,NA,SUNRISE,HYBRID,23,NO,SCIFI,BROWN,BLUE,1,2,2,NA
THE GIRL WHO LEAPT THROUGH TIME,2006,85,84%,90%,8.11,445337,g,Award Winning,Drama,Romance,Sci-Fi,School,Time Travel,NA,NA,[],MADHOUSE,HYBRID,17,YES,MODERN JAPAN,BROWN,BROWN,2,1,1,NA
POUPELLE OF CHIMNEY TOWN,2020,86,83%,73%,6.59,863,g,Adventure,Fantasy,NA,NA,,NA,NA,NA,[],4C,HYBRID,12,NO,FANTASY,BROWN,BROWN,2,1,2,NA
DRAGON BALL Z: RESURRECTION F,2015,87,83%,83%,NA,NA,NA,NA,NA,NA,NA,NA,NA,NA,NA,NA,TOEI ANIMATION,HYBRID,39,NO,SPACE,BLACK,BLACK,3,1,1,NA
LIZ AND THE BLUE BIRD,2018,88,83%,78%,8.19,50377,pg_13,Award Winning,Drama,NA,NA,Music,Performing Arts,School,NA,[],KYOTO ANIMATION,HYBRID,17,YES,MODERN JAPAN,PURPLE,PURPLE,2,1,3,NA
FLAVORS OF YOUTH,2018,89,83%,66%,7.12,94316,pg_13,Drama,Romance,NA,NA,,NA,NA,NA,[],COMIX WAVE FILM,HYBRID,NA,NA,CHINA,NA,NA,2,1,2,NA
BATMAN NINJA,2018,90,82%,60%,6.07,31643,pg_13,Action,NA,NA,NA,Martial Arts,Samurai,Time Travel,NA,[],KAMIKO ANIMATION,HYBRID,35,NO,FEUDAL JAPAN,BLACK,BLUE,1,2,3,NA
EVANGELION: 2.22 YOU CAN (NOT) ADVANCE,2009,91,82%,89%,NA,NA,NA,NA,NA,NA,NA,NA,NA,NA,NA,NA,KHARA,HYBRID,14,NO,SCIFI,BROWN,BLUE,2,1,1,NA
A LETTER TO MOMO,2011,92,81%,76%,7.58,33973,g,Award Winning,Drama,Supernatural,NA,,NA,NA,NA,[],MADHOUSE,HYBRID,11,YES,MODERN JAPAN,BROWN,BROWN,2,2,1,NA
THE SKY CRAWLERS,2008,93,80%,58%,7.27,24175,pg_13,Award Winning,Drama,NA,NA,Military,NA,NA,NA,[],PRODUCTION I.G.,HYBRID,16,NO,SCIFI,BROWN,BROWN,2,1,1,NA
STREET FIGHTER II: THE ANIMATED MOVIE,1995,94,80%,78%,7.17,18902,r+,Action,NA,NA,NA,Martial Arts,NA,NA,NA,[],GROUP TAC,HYBRID,19,NO,GLOBAL,BLACK,BROWN,2,2,2,NA
VIOLET EVERGARDEN,2019,95,80%,100%,8.67,925933,pg_13,Drama,Fantasy,NA,NA,,NA,NA,NA,[],KYOTO ANIMATION,HYBRID,16,YES,EUROPE,BLONDE,BLUE,2,2,3,NA
SWORD ART ONLINE THE MOVIE -PROGRESSIVE- ARIA OF A STARLESS NIGHT,2021,96,80%,95%,NA,NA,NA,NA,NA,NA,NA,NA,NA,NA,NA,NA,A-1 PICTURES,HYBRID,17,YES,VIRTUAL REALITY,BROWN,BROWN,2,1,2,NA
SUMMER WARS,2009,97,79%,87%,8.03,289253,pg_13,Award Winning,Comedy,Sci-Fi,NA,,NA,NA,NA,[],MADHOUSE,HYBRID,17,NO,MODERN JAPAN,BLACK,BROWN,2,1,1,NA
MY NEIGHBORS THE YAMADAS,1999,98,78%,75%,7.12,25046,g,Award Winning,Comedy,Slice of Life,NA,,NA,NA,NA,[],GHIBLI,NO,40,YES,MODERN JAPAN,BROWN,BROWN,1,1,1,NA
VAMPIRE HUNTER D,1985,99,78%,78%,7.01,44780,r+,Action,Horror,Sci-Fi,Supernatural,Vampire,NA,NA,NA,[],MADHOUSE,NO,100,NO,FANTASY,BLACK,BLUE,1,2,2,NA
TEKKONKINKREET,2006,100,76%,88%,7.95,43305,r,Action,Adventure,Award Winning,Supernatural,Psychological,NA,NA,NA,[],MADHOUSE,YES,12,NO,NA,NA,NA,1,1,1,NA
VAMPIRE HUNTER D,2000,108,70%,86%,7.01,44780,r+,Action,Horror,Sci-Fi,Supernatural,Vampire,NA,NA,NA,[],MADHOUSE,NO,100,NO,FANTASY,BLACK,BLUE,1,2,2,NA
